{
  "fault_similarity": [
    [
      1.0,
      0.4000000059604645,
      0.4000000059604645,
      0.4000000059604645,
      0.4000000059604645,
      0.4000000059604645,
      0.4000000059604645,
      0.4000000059604645,
      0.4000000059604645
    ],
    [
      0.4000000059604645,
      1.0,
      0.4000000059604645,
      1.0,
      0.4000000059604645,
      0.4000000059604645,
      0.4000000059604645,
      1.0,
      1.0
    ],
    [
      0.4000000059604645,
      0.4000000059604645,
      1.0,
      0.4000000059604645,
      0.4000000059604645,
      0.4000000059604645,
      0.4000000059604645,
      0.4000000059604645,
      0.4000000059604645
    ],
    [
      0.4000000059604645,
      1.0,
      0.4000000059604645,
      1.0,
      0.4000000059604645,
      0.4000000059604645,
      0.4000000059604645,
      1.0,
      1.0
    ],
    [
      0.4000000059604645,
      0.4000000059604645,
      0.4000000059604645,
      0.4000000059604645,
      0.4000000059604645,
      0.4000000059604645,
      0.4000000059604645,
      0.4000000059604645,
      0.4000000059604645
    ],
    [
      0.4000000059604645,
      0.4000000059604645,
      0.4000000059604645,
      0.4000000059604645,
      0.4000000059604645,
      0.4000000059604645,
      0.4000000059604645,
      0.4000000059604645,
      0.4000000059604645
    ],
    [
      0.4000000059604645,
      0.4000000059604645,
      0.4000000059604645,
      0.4000000059604645,
      0.4000000059604645,
      0.4000000059604645,
      1.0,
      0.4000000059604645,
      0.4000000059604645
    ],
    [
      0.4000000059604645,
      1.0,
      0.4000000059604645,
      1.0,
      0.4000000059604645,
      0.4000000059604645,
      0.4000000059604645,
      1.0,
      1.0
    ],
    [
      0.4000000059604645,
      1.0,
      0.4000000059604645,
      1.0,
      0.4000000059604645,
      0.4000000059604645,
      0.4000000059604645,
      1.0,
      1.0
    ]
  ],
  "fault_component_matrix": [
    [
      0.0,
      0.0,
      0.0,
      1.0
    ],
    [
      1.0,
      0.0,
      0.0,
      0.0
    ],
    [
      0.0,
      1.0,
      0.0,
      0.0
    ],
    [
      1.0,
      0.0,
      0.0,
      0.0
    ],
    [
      0.0,
      0.0,
      0.0,
      0.0
    ],
    [
      0.0,
      0.0,
      0.0,
      0.0
    ],
    [
      0.0,
      0.0,
      1.0,
      0.0
    ],
    [
      1.0,
      0.0,
      0.0,
      0.0
    ],
    [
      1.0,
      0.0,
      0.0,
      0.0
    ]
  ],
  "fault_feature_matrix": [
    [
      1.0,
      1.0,
      1.0,
      1.0,
      1.0,
      1.0,
      1.0,
      1.0,
      1.0,
      1.0,
      1.0,
      1.0,
      1.0,
      1.0
    ],
    [
      1.0,
      1.0,
      1.0,
      1.0,
      1.0,
      1.0,
      1.0,
      1.0,
      1.0,
      1.0,
      1.0,
      1.0,
      1.0,
      1.0
    ],
    [
      1.0,
      1.0,
      1.0,
      1.0,
      1.0,
      1.0,
      1.0,
      1.0,
      1.0,
      1.0,
      1.0,
      1.0,
      1.0,
      1.0
    ],
    [
      1.0,
      1.0,
      1.0,
      1.0,
      1.0,
      1.0,
      1.0,
      1.0,
      1.0,
      1.0,
      1.0,
      1.0,
      1.0,
      1.0
    ],
    [
      1.0,
      1.0,
      1.0,
      1.0,
      1.0,
      1.0,
      1.0,
      1.0,
      1.0,
      1.0,
      1.0,
      1.0,
      1.0,
      1.0
    ],
    [
      1.0,
      1.0,
      1.0,
      1.0,
      1.0,
      1.0,
      1.0,
      1.0,
      1.0,
      1.0,
      1.0,
      1.0,
      1.0,
      1.0
    ],
    [
      1.0,
      1.0,
      1.0,
      1.0,
      1.0,
      1.0,
      1.0,
      1.0,
      1.0,
      1.0,
      1.0,
      1.0,
      1.0,
      1.0
    ],
    [
      1.0,
      1.0,
      1.0,
      1.0,
      1.0,
      1.0,
      1.0,
      1.0,
      1.0,
      1.0,
      1.0,
      1.0,
      1.0,
      1.0
    ],
    [
      1.0,
      1.0,
      1.0,
      1.0,
      1.0,
      1.0,
      1.0,
      1.0,
      1.0,
      1.0,
      1.0,
      1.0,
      1.0,
      1.0
    ]
  ],
  "fault_types": [
    "Ball_Fault",
    "Broken_Tooth",
    "Inner_Race_Fault",
    "Missing_Tooth",
    "Mixed_Fault",
    "Normal",
    "Outer_Race_Fault",
    "Root_Crack",
    "Tooth_Wear"
  ],
  "components": [
    "Gear_Tooth",
    "Inner_Race",
    "Outer_Race",
    "Rolling_Element"
  ],
  "feature_labels": [
    "band",
    "crest",
    "dominant",
    "impulse",
    "kurtosis",
    "max",
    "mean",
    "min",
    "peak",
    "rms",
    "shape",
    "skewness",
    "spectral",
    "std"
  ],
  "fault_nodes": {
    "Ball_Fault": 9150,
    "Inner_Race_Fault": 9086,
    "Outer_Race_Fault": 9150,
    "Mixed_Fault": 9086,
    "Broken_Tooth": 9086,
    "Missing_Tooth": 9150,
    "Normal": 9150,
    "Root_Crack": 9470,
    "Tooth_Wear": 9278
  }
}