{
  "timestamp": "2026-04-23 17:19:59",
  "best_config": {
    "hidden_dim": 128,
    "dropout": 0.215,
    "lr": 0.0064,
    "weight_decay": 0.00021
  },
  "validation": {
    "MLP": {
      "accuracy": 0.6787470681697814,
      "f1": 0.6728772959726269
    },
    "KG_Enhanced_MLP_V1": {
      "accuracy": 0.7576605886358477,
      "f1": 0.7561240716458383
    },
    "KG_Enhanced_MLP_V2": {
      "accuracy": 0.8312778996746614,
      "f1": 0.8289196734495085
    },
    "CNN": {
      "accuracy": 0.695165317394265,
      "f1": 0.6846741364532404
    },
    "CNN_KG": {
      "accuracy": 0.7957932965120678,
      "f1": 0.7921331602078503
    },
    "CNN_KG_V2": {
      "accuracy": 0.811303624120451,
      "f1": 0.8097766220494205
    },
    "CNN_KG_V3": {
      "accuracy": 0.813346447756677,
      "f1": 0.81024312164895
    }
  },
  "test": {
    "MLP": {
      "accuracy": 0.6823023846991889,
      "f1": 0.6767493068633282
    },
    "KG_Enhanced_MLP_V1": {
      "accuracy": 0.7565064762135335,
      "f1": 0.7551370675954877
    },
    "KG_Enhanced_MLP_V2": {
      "accuracy": 0.8281079772424645,
      "f1": 0.8258414580538274
    },
    "CNN": {
      "accuracy": 0.7000363152160756,
      "f1": 0.6907093811068588
    },
    "CNN_KG": {
      "accuracy": 0.7927611669289433,
      "f1": 0.7892706464802957
    },
    "CNN_KG_V2": {
      "accuracy": 0.8112214017673405,
      "f1": 0.8097112850345493
    },
    "CNN_KG_V3": {
      "accuracy": 0.8098898438445709,
      "f1": 0.8071146052291629
    }
  }
}