{
  "timestamp": "2026-04-23 13:57:12",
  "best_config": {
    "hidden_dim": 128,
    "dropout": 0.215,
    "lr": 0.0064,
    "weight_decay": 0.00021
  },
  "validation": {
    "MLP": {
      "accuracy": 0.6391011576000605,
      "f1": 0.6288942441962814
    },
    "KG_Enhanced_MLP_V1": {
      "accuracy": 0.7559960656729969,
      "f1": 0.7548751483525976
    },
    "KG_Enhanced_MLP_V2": {
      "accuracy": 0.8330937429068623,
      "f1": 0.832611654408298
    }
  },
  "test": {
    "MLP": {
      "accuracy": 0.6456240164628979,
      "f1": 0.6364187602140587
    },
    "KG_Enhanced_MLP_V1": {
      "accuracy": 0.7557196465318968,
      "f1": 0.7546316594583051
    },
    "KG_Enhanced_MLP_V2": {
      "accuracy": 0.8326473792519066,
      "f1": 0.8322990886722762
    }
  }
}