{
  "timestamp": "2026-04-23 16:48:36",
  "best_config": {
    "hidden_dim": 128,
    "dropout": 0.215,
    "lr": 0.0064,
    "weight_decay": 0.00021
  },
  "validation": {
    "MLP": {
      "accuracy": 0.6867670424453356,
      "f1": 0.675993793610631
    },
    "KG_Enhanced_MLP_V1": {
      "accuracy": 0.7591737913293486,
      "f1": 0.7603891028496124
    },
    "KG_Enhanced_MLP_V2": {
      "accuracy": 0.8298403571158357,
      "f1": 0.8283311455740272
    },
    "CNN": {
      "accuracy": 0.7090111220397972,
      "f1": 0.7007204902973551
    },
    "CNN_KG": {
      "accuracy": 0.7953393357040176,
      "f1": 0.7834556587868272
    },
    "CNN_KG_V2": {
      "accuracy": 0.8070666565786487,
      "f1": 0.8029096553812335
    }
  },
  "test": {
    "MLP": {
      "accuracy": 0.6871444135092604,
      "f1": 0.67706263293803
    },
    "KG_Enhanced_MLP_V1": {
      "accuracy": 0.7621958600653674,
      "f1": 0.7634602357120928
    },
    "KG_Enhanced_MLP_V2": {
      "accuracy": 0.8252632853165476,
      "f1": 0.8234518859951888
    },
    "CNN": {
      "accuracy": 0.7159544849291853,
      "f1": 0.7087210771305659
    },
    "CNN_KG": {
      "accuracy": 0.794032199491587,
      "f1": 0.7819105442452359
    },
    "CNN_KG_V2": {
      "accuracy": 0.8055320179155065,
      "f1": 0.8015057498808205
    }
  }
}