{
  "timestamp": "2026-04-22 22:29:25",
  "best_config": {
    "hidden_dim": 128,
    "dropout": 0.215,
    "lr": 0.0064,
    "weight_decay": 0.00021
  },
  "validation": {
    "MLP": {
      "accuracy": 0.6471211318756147,
      "f1": 0.6402879300188521
    },
    "KG_Enhanced_MLP_V1": {
      "accuracy": 0.7535749413633956,
      "f1": 0.7554294865731993
    },
    "KG_Enhanced_MLP_V2": {
      "accuracy": 0.7317848225769842,
      "f1": 0.7289486262688712
    },
    "KG_Enhanced_MLP_V3": {
      "accuracy": 0.8284028145570099,
      "f1": 0.8277002918758798
    }
  },
  "test": {
    "MLP": {
      "accuracy": 0.6491950127103256,
      "f1": 0.6434092149415875
    },
    "KG_Enhanced_MLP_V1": {
      "accuracy": 0.7591090666989468,
      "f1": 0.7608808792393613
    },
    "KG_Enhanced_MLP_V2": {
      "accuracy": 0.7327805350441835,
      "f1": 0.7307454443282188
    },
    "KG_Enhanced_MLP_V3": {
      "accuracy": 0.8269579954000726,
      "f1": 0.8262670756636664
    }
  }
}