{
  "train_accuracy": 0.7129259730040555,
  "val_accuracy": 0.7089940685147077
}