{
  "timestamp": "2026-04-23 13:52:57",
  "best_config": {
    "hidden_dim": 128,
    "dropout": 0.215,
    "lr": 0.0064,
    "weight_decay": 0.00021
  },
  "models": {
    "KG_Enhanced_MLP_V2": {
      "val_accuracy": 0.8299160172505107
    }
  }
}