{
  "timestamp": "2026-04-22 22:08:43",
  "best_config": {
    "hidden_dim": 128,
    "dropout": 0.215,
    "lr": 0.0064,
    "weight_decay": 0.00021
  },
  "models": {
    "KG_Enhanced_MLP_V3": {
      "val_accuracy": 0.8284028145570099
    }
  }
}