{
  "timestamp": "2026-04-23 16:55:03",
  "best_config": {
    "hidden_dim": 128,
    "dropout": 0.215,
    "lr": 0.0064,
    "weight_decay": 0.00021
  },
  "models": {
    "CNN_KG_V3": {
      "val_accuracy": 0.8150109707195279
    }
  }
}