{
  "timestamp": "2026-04-22 20:24:22",
  "best_config": {
    "hidden_dim": 128,
    "dropout": 0.215,
    "lr": 0.0064,
    "weight_decay": 0.00021
  },
  "models": {
    "KG_Enhanced_MLP_V1": {
      "val_accuracy": 0.7535749413633956
    }
  }
}