{
  "timestamp": "2026-04-22 13:09:08",
  "models": {
    "MLP": {
      "train_accuracy": 0.6460577970703699,
      "train_f1": 0.6460577970703699,
      "val_accuracy": 0.6466529475850381,
      "val_f1": 0.6466529475850381
    },
    "KG_Enhanced_MLP": {
      "train_accuracy": 0.7196444321463777,
      "train_f1": 0.7196444321463777,
      "val_accuracy": 0.7172255174918291,
      "val_f1": 0.7172255174918291
    }
  },
  "test_results": {
    "MLP": {
      "loss": 0.871308445930481,
      "accuracy": 0.6453819150223944,
      "f1": 0.6354241410716515
    },
    "KG_Enhanced_MLP": {
      "loss": 0.6812719106674194,
      "accuracy": 0.7171044667715772,
      "f1": 0.7092664809108353
    }
  }
}